{
    "model_type": "LogisticRegression",
    "feature_names": [
        "fft256_high_mean",
        "fft256_high_std",
        "fft256_high_max",
        "fft256_peak_count",
        "fft512_high_mean",
        "fft512_high_std",
        "fft512_high_max",
        "fft512_peak_count",
        "lap_var",
        "lap_skew",
        "lap_kurt",
        "lbp_entropy",
        "lbp_max",
        "lbp_std",
        "s_mean",
        "s_std",
        "v_mean",
        "v_std"
    ],
    "means": [
        6.453927516171683e-06,
        1.065549712868182e-05,
        0.0003000972070506778,
        414.16964285714283,
        3.0390247149654025e-06,
        6.156639759594363e-06,
        0.00020305586858975158,
        539.3214285714286,
        280.1967233850398,
        -0.6995096713003062,
        73.66656864504724,
        5.0864791107932765,
        0.23067168534080304,
        0.01723815957188532,
        0.2688679433086169,
        0.22593961115956168,
        0.4831466973320358,
        0.2551417704773759
    ],
    "stds": [
        2.273972522514679e-06,
        4.379488358359649e-06,
        0.0004145677766511649,
        202.80160028570748,
        6.566836993228316e-07,
        2.009510387724413e-06,
        0.00019886036787662944,
        231.91278434104558,
        733.8051226946841,
        1.4701855936430464,
        236.99867883287638,
        1.0026952885512685,
        0.16449795942853404,
        0.008819039084467368,
        0.12510968587543364,
        0.08706026371635787,
        0.12995893402014833,
        0.07309053400603065
    ],
    "weights": [
        0.21766489835294148,
        -0.23401345857407357,
        1.8045211107807864,
        0.7159267766877543,
        -1.4986492576126584,
        0.5927216988507135,
        0.7914340145155657,
        1.25423533476716,
        -3.509030334139178,
        -1.0558973502995768,
        0.2476199449626962,
        -3.7819815177322678,
        -2.4325902975614815,
        0.07754051703486371,
        -0.6581631178275151,
        1.0457964737193124,
        1.0897947242545636,
        -0.23758796537959864
    ],
    "intercept": -0.9981735089818325
}