{
    "sklearn": {
        "val_accuracy": 0.8064516129032258,
        "model_type": "SVC"
    },
    "primary_model": "sklearn",
    "mobilenet": {
        "val_accuracy": 0.6129032258064516
    },
    "fraud_threshold": 0.38,
    "heuristic_stats": {
        "real_peak512_p75": 790.0,
        "screen_peak512_p25": 555.5,
        "real_lbp_entropy_p25": 4.861892949640042,
        "screen_lbp_entropy_p75": 6.309199103613338,
        "real_lap_var_p75": 216.6911962636259,
        "screen_lap_var_p25": 37.04949967419088
    }
}